tweet_id,hashtags
dic -2020,";lassopresidente;prohibidoolvidar;lassoesmoreno;elecuadordelencuentro;odiarte;somosuno1ğŸ‡ªğŸ‡¨
;correista;vacunagateec;lassoesmoreno;votabienlatinoamerica;votabien"
dic -2020,;exÃ¡mensingarantÃ­a
jul -2020,;yotbquisiera;yotbqueria;yotbqueria
feb -2020,;elpeorgobiernodelahistoria;;pero
sept -2020,;lassopresidente2021
sept -2020,;vacunasvip;numero1;vacunasvip;numero1
oct -2019,;lassopresidente2021
may -2020,;votabien;venezolanos;ecuavisa;yundaesarauz;andresnomientasotravez;andresasustadoteveo;malldelsur;vera;narcotrafico
nov -2020,;femicorrea
ene -2021,;lassopresidente2021;;;cuquitaleon
may -2020,;andresganasteotravez;;;rutakritica;andresganasteotravez;;;lavieenrose593;andresganasteotravez;;;ecuarauz;andresganasteotravez;;;ecuarauz;andresganasteotravez
mar -2021,;corteconstitucional;corteconstitucional
abr -2020,;lassoesmoreno;ipeconarauz;ipesrevolucion;;;namekusei
feb -2021,;efectolasso
feb -2020,;lassoesdespidos
mar -2021,;vacunadosgold
dic -2020,;lassonuncaserapresidente
oct -2019,";elbinomiodelaesperanza;contigocontodosahora;arauzescorrea;arauzesdivisiÃ³n;arauzesodio
;arauzesdiscriminaciÃ³n;elvicedelaesperanza;pindal;loja;influjopsÃ­quicobarba;;;;ecuadorpista;urgente;lenin
;lassomienteunayotravez;lassoesmoreno;;;relicheandres"
mar -2020,";borregodatecuenta;elbinomiodelaesperanza;vacunadosvip;peorgobiernodelahistoriaok
;andresnomientrasotravez
;correamorenoyandreslamismacosaes
;borregodatecuenta"
abr -2021,;lassoesunfracasso;;;presidencia;ec
feb -2021,";arauzpresidente
;lassonuncaserapresidentegirasoles

;contigocontodosahora;andrÃ©spresidente;lassoesmoreno;vacunadosgold"
mar -2020,comunicaciÃ³n;;;andrÃ©spresidente
oct -2020,;yakueslasso;;;carlosverareal;lassoesmoreno;;;luchobarrezueta;prensabasura;;;carlosverareal;feriadobancario;;;ggaj82;lassoesmoreno;;;ggaj82;lassoesmoreno;;;jorge001ramirez;lassoesmoreno;vacunadosgold;lassoeselqueempujalasilla;lassoesmoreno;;;cjara2805jara
oct -2019,;leloestasperdido;leloestasperdido;lelomenestra;leloestasperdido;;;patriciomery;lelo;lelo;lelo;lelo;lelo;andresnomientasotravez;elpaisolamafia;;;ecuarauz;lelo;andresnomientaotravez;elpaisolamafia;lelo;andresnomientasotravez;elpaisolamafia;;;orlandoperezec
nov -2020,;fijezayaesconstitucional;fijezayaesconstitucional
mar -2021,;sisepuede;;;ivanduque
may -2020,;eleccionesecuador2021;yakuperez;lasso;todosconlasso;lassopresidente
nov -2020,;somosuna;vinoconversatoriomujer
may -2021,;ecuador;pandorapapers;iassomentiroso
jun -2020,";arauzpresidente;;;amable0010cree

;arauzpresidente;;;juanmoralesfern;arauzpresidente2021voto
;niunvotoaladerecha"
may -2020,"presidente
;estamosconyacu
;concluyaku
;transparenciacne"
oct -2019,;odiarte;rankingradiodisney;rankingrd
feb -2021,;pactassobanquero;lassomiente
oct -2020,"
;segundavueltaec;ecuador;lasso;debatepresidencialec;elecciones2021ec"
feb -2021,";encontremonosendemocracia
;constituciondevida;lenin;;;encontremonosendemocracia
;constituciondevida"
dic -2020,;lassomiente;lassoesmoreno
dic -2020,;odiarte;rankingradiodisney;rankingrd;odiarte;rankingradiodisney;rankingrd;odiarte;rankingradiodisney;rankingrd;lassomiente;pactassobanquero;lassomiente;todosconlasso
mar -2020,;vacunadosgold;vacunadosgold;lassoesmoreno;vacunadosgold;lassoesmoreno;vacunadosvip;vacunadosgold;lassoesmoreno
oct -2019,";lenin;aliasmashi
lo"
mar -2021,;andresnomientrasotravez;andresasustadoteveo;maduro;;;lolacienfuegos;correamorenoyandreslamismacosaes;;;genesisvera1;andresnomientasotravez;;;andriukaaa
dic -2019,";lassonoresponde
;lassoesmoreno
2013;2015
;yosimeacuerdo;;;orlandoperezec"
jun -2020,;ecuador
feb -2020,";fijezaya
no;eresungrandeğŸ’ªğŸ’ª;;;fsa;psoe;abusodelatemporalidad
a;rrhh;aapp;psoealmeria
;fijezayaesconstitucional"
jun -2020,;marchmadness
ago -2020,";psplasso

;sucreenlanoticia;elecuadordelencuentro;lassoesmorenobuenos;;;ecuador;elecciones2021ec"
feb -2020,;morenoyalargate;;;82fb639b90484b5;morenoyalargate;;;82fb639b90484b5
ago -2020,verga;;;unasolavueltamameluco;;;leloestasperdido;ecuarauz;;;leloestasperdidoojete;;;contigocontodosahorasolo;;;lassosodaliciopedofiliadesesperadas;;;lassosodaliciopedofiliadeber;;;lassoesdespidos;andresnomientasotravez;;oye;andresnomientasotravez;;;rebeldedigital1
mar -2021,";andresesecuador
;andresteapoya
;contigocontodosahora;andresesecuador
;andresteapoya
;contigocontodosahora;andresesecuador
;andresteapoya
;contigocontodosahora;andresesecuador
;andresteapoya
;contigocontodosahora"
jun -2020,";peorgobiernodelahistoriamoral
;asco;yakuperezg

;asco;;;pelasables;gilaso"
feb -2021,;arauzesmoreno
nov -2020,;andresnomientasotravez;andresnomientasotravez
abr -2021,;lassopresisdente
ago -2020,;lassonuncaserapresidente
jul -2020,;lassonuncaserapresidente;arauzpresidente2021;arauzpresidente2021;lassoesmoreno;lassoesferiadobancario;lassojamasserapresidente;jamasseraspresidente;lassonuncaserapresidente;lassoesmoreno;lassoesferiadobancario;lassoyanosgobernÃ³;arauzpresidente;lassonuncaserapresidente;lassoesferiadobancario;lassoesmoreno;andresarauzpresidente2021;lassomiente;lassoesmoreno;lassoesferiadobancario;lassoodiaalservidorpublico;lassoyanosgobernÃ³;lassonuncaserapresidente;arauzpresidente2021;lassonuncaserapresidente;lassoesmoreno;lassoesferiadobancario;lassomiente;lassoesmoreno;lassoesferiadobancario;lassoodiaalservidorpublico;lassoyanosgobernÃ³;lassomiente;lassonuncaserapresidente;arauzpresidente2021;encuentrocasual;;;carlosp58185334;lassoesmoreno;lassoesferiadobancario;lassomiente;lassoyanosgobernÃ³;lassonuncaserapresidente;arauzpresidente2021;lassonuncaserapresidente;lassoesmoreno;lassoesferiadobancario;lassoyanosgobernÃ³;lassonuncaserapresidente;arauzpresidente;lassonuncaserapresidente;vacunadosgold;lassoesmoreno;genova;italia;;;compromisorc;ecuadordecide2021;;somosrevoluciÃ³nciudadana;manabÃ­;alfaro;revoluciÃ³nciudadana;arauzpresidente2021
dic -2019,;elecuadordelencuentro
dic -2019,"
;enamoranicaragua
;19marzo
;minsanicaragua
;visitnicaragua
;noelia;arauz;;;jack593;13"
dic -2019,;elecuadordelencuentro;lassoesmoreno
ago -2020,";lassosodaliciopedofilia;lassoodiamanabi
;lassoesmoreno;lassonuncaserapresidente;lassoeselqueempujalasilla;;;luisevivanco;lassosodaliciopedofilia;lassoodiamanabi
;lassoesmoreno;lassonuncaserapresidente;lassoeselqueempujalasilla;;;elcomerciocom"
oct -2019,;vacunadosgold;lassoesmoreno
ene -2020,;elbinomiodelaesperanza;contigocontodosahora;andrÃ©sarauzpresidente;arauzescorrea;arauzmiente;;;uncafeconjj;pandorapapers;pandorapapers;pandorapapers
dic -2020,;empresademercadoalimentario;;;ecuarauz
abr -2020,"marcha
;estamosconyacu
;concluyaku
;transparenciacne;;;eluniversocom;leymorenolasso
;feriadasso;leymorenolasso
;feriadasso"
jun -2020,;leydesarrolloeconomico
feb -2020,";acero;cabrera;tabladedrogas;mariposadelsur;presidente;;;anderssonboscan;salcedos;rc;ap;jimenez;ojoalpiojo;;mata
;bozalparajimenez;;me;malaleche
nunca;malaleche
nunca"
sept -2020,;pandorapapers
mar -2021,;arauznomientasotravez;;;salimzaidan;arauznomientasotravez;;;salimzaidan
mar -2021,"demÃ³crata
ğŸ‘ğŸ‘ğŸ‘ğŸ‘ğŸ‘ğŸ‘
;andresnomientasotravez
;andresnoborresotravez
;andresasustadoteveo
lasso;paÃ­s
;reddetuiterosconlasso
;fusiondemocrata
;lassopresidente2021;;;anderssonboscandemÃ³crata
ğŸ‘ğŸ‘ğŸ‘ğŸ‘ğŸ‘ğŸ‘
;andresnomientasotravez
;andresnoborresotravez
;andresasustadoteveo
lasso;paÃ­s
;reddetuiterosconlasso
;fusiondemocrata
;lassopresidente2021;;;moviliderecdemÃ³crata
ğŸ‘ğŸ‘ğŸ‘ğŸ‘ğŸ‘ğŸ‘
;andresnomientasotravez
;andresnoborresotravez
;andresasustadoteveo
lasso;paÃ­s
;reddetuiterosconlasso
;fusiondemocrata
;lassopresidente2021;;;salamandraecdemÃ³crata
ğŸ‘ğŸ‘ğŸ‘ğŸ‘ğŸ‘ğŸ‘
;andresnomientasotravez
;andresnoborresotravez
;andresasustadoteveo
lasso;paÃ­s
;reddetuiterosconlasso
;fusiondemocrata
;lassopresidente2021;;;bastaimpunidaddemÃ³crata
ğŸ‘ğŸ‘ğŸ‘ğŸ‘ğŸ‘ğŸ‘
;andresnomientasotravez
;andresnoborresotravez
;andresasustadoteveo
lasso;paÃ­s
;reddetuiterosconlasso
;fusiondemocrata
;lassopresidente2021;;;eloytarira05demÃ³crata
ğŸ‘ğŸ‘ğŸ‘ğŸ‘ğŸ‘ğŸ‘
;andresnomientasotravez
;andresnoborresotravez
;andresasustadoteveo
lasso;paÃ­s
;reddetuiterosconlasso
;fusiondemocrata
;lassopresidente2021;;;jamejennisitademÃ³crata
ğŸ‘ğŸ‘ğŸ‘ğŸ‘ğŸ‘ğŸ‘
;andresnomientasotravez
;andresnoborresotravez
;andresasustadoteveo
lasso;paÃ­s
;reddetuiterosconlasso
;fusiondemocrata
;lassopresidente2021;;;justicevera26demÃ³crata
ğŸ‘ğŸ‘ğŸ‘ğŸ‘ğŸ‘ğŸ‘
;andresnomientasotravez
;andresnoborresotravez
;andresasustadoteveo
lasso;paÃ­s
;reddetuiterosconlasso
;fusiondemocrata
;lassopresidente2021;;;eloytarira05demÃ³crata
ğŸ‘ğŸ‘ğŸ‘ğŸ‘ğŸ‘ğŸ‘
;andresnomientasotravez
;andresnoborresotravez
;andresasustadoteveo
lasso;paÃ­s
;reddetuiterosconlasso
;fusiondemocrata
;lassopresidente2021"
mar -2020,";lassopresidente2021;pactassobanquerovida
;lassomiente;lassoesmoreno;vacunadosgold;vacunadosgold"
dic -2019,;andresnomientrasotravez;;;pichinchauniver;andresnomientrasotravez
oct -2019,";lassopresidente;lassopresidente;lassopresidente
;todosconlasso"
oct -2019,s;zapatitoa
ene -2020,";santaelena;ecuador;santaelena
cc"
jun -2020,pais;;;niunvotoaladerecha
jul -2020,;feriadobancario;feriadodevacunas;;;mayedinm;lassoesmoreno;vacunadosgold;;contigocontodosahora;coecantonal;covid19
jun -2020,;correiismo;yakuperez;venezuela;dios
mar -2021,;arauzesmoreno;lassoesmoreno;elecuadordelencuentro
oct -2020,;respetenlavozdelpueblo;;;ecdimitri
jul -2020,;lassoesmoreno;arauzescorrea;reddetuiterosconlasso
feb -2021,;elvicedelaesperanza
jul -2020,;arauzesdiscriminaciÃ³n;arauzescorrea;arauzesdivisiÃ³n;arauzesodio;cuandoelodioestabademoda
abr -2020,";lassopresidente2021
;lassoborrero2021;;;yakuperezg;ecuador;corrupciÃ³n
viva;guillermolasso;;;ecuador;corrupciÃ³n
viva;guillermolasso"
abr -2021,";encontremonosendemocracia
;constituciondevida
;hernansalgadop;;;encontremonosendemocracia
;constituciondevida
;hernansalgadop;;;encontremonosendemocracia
;constituciondevida
laprovidağŸ’™

;encontremonosendemocracia
;constituciondevida
;corteconstecu;;;encontremonosendemocracia
;constituciondevida

no
;lenin;;;encontremonosendemocracia
;constituciondevida
;hernansalgadop;;;encontremonosendemocracia
;constituciondevida
;hernansalgadop;;;encontremonosendemocracia
;constituciondevida
laprovidağŸ’™

;encontremonosendemocracia
;constituciondevida
;corteconstecu;;;encontremonosendemocracia
;constituciondevida

no"
abr -2020,"alegro
;arauzpresidente2021;;;ecuarauz;prensabasura;;;teleamazonasec;prensabasura;;;laposta;ecu;vacunadosgold;;;laposta;ecu;vacunadosgold;;;amintabuenanio;lassoesmoreno;lassoesmoreno;lassoesmoreno"
mar -2021,ğŸ’™ğŸ’ªğŸ‡ªğŸ‡¨;;;todosconlasso
dic -2020,;unasolavuelta
mar -2020,;lassoesmoreno;vacunadosgold;lassoesmoreno
abr -2020,"ecuador
;estamosconyacu
;concluyaku
;transparenciacne"
abr -2020,;anamer;anamer;medicosnovacunados;medicinarural;lasso;msp;presidenciaecuador;;;eluniversocom
may -2020,;prensabasura;estandesesperados
sept -2020,"canarias
;fijezayaesconstitucional"
feb -2021,";debate

;cresatelital
;tusojosenlanoticia;;redruralguayas;lassoesmoreno;elecuadordelencuentrocameo
;wonderwoman;ww84"
feb -2021,"confinamiento
;noalconfinamiento;nomascuarentena;nomastoquedequeda;;;andres;btos;nomascuarentena;nomastoquedequeda;libertad;nomascuarentena;noaltoquedequeda;libertad;nomascuarentena;noaltoquedequeda;libertad"
may -2021,";elecuadordelencuentrooro
;francoconlasso;francoconlasso"
abr -2020,"puntuales;;;banqueroladron;vacunadosgold;duranbraba;vacunadosgold;lassoesmoreno;;;mariemolia;lordmontajes;vacunadosgoldenfermos
;lassoesmoreno;vacunadosgold;lassoesmoreno;;;camilaaae;lassoesmoreno;vacunadosgold;vacunadosgold;lassoesmoreno;vacunagateec;vacunadosgold;lassonuncaserapresidente;lassoesmoreno;lassoyaestavacunadoğŸ¤¦ğŸ»â€â™€ï¸ğŸ¤¦ğŸ»â€â™€ï¸
;prensamercenaria;;;mashirafael;vacunadosgold;lassoesmoreno
;vacunadosgold;vacunadosgold;;;julitparedes;elecciones2021;vacunadosgold;vacunadosgold;vacunadosgold;lassoesmorenolargo
;niunvotoaladerecha"
ago -2020,;arauznomientasotravez
ene -2021,;reddetuiterosdemocraticos;;;monipalaciosz
oct -2019,"puntos
;lassoesmoreno;;pÃºblicos
;lassonuncaserapresidente"
dic -2019,;vacunadosgold;lassoesmoreno
dic -2020,;feriadobancario;diainternacionaldelamujer;felizdiadelamujer;feriadobancario
mar -2020,;contigocontodosahora;;;augustotandazo
mar -2020,";feriadobancario
el;arauz;feriadobancario;feriadobancario;feriadobancario;feriadobancario;feriadobancario;arauz
ğŸ˜ğŸ˜ğŸ˜ğŸ˜ğŸ˜;;encuentros;arauz;pauta;arauz;arauz
hoy;arauz;nuncaserapresidente;nuncaseraspresidente;;;carlosverareal;arauz;lassomiente;vacunadosgold;lassoesmorenodesagradecido;;;atenciÃ³n;
sorpresivo;arauz;feriadobancariovacunado
ğŸ˜ğŸ˜ğŸ˜ğŸ˜ğŸ˜ğŸ˜
;lassomienteunayotravez;;;ecuarauz;andreses;arauz;arauz
ğŸ˜ŠğŸ˜ŠğŸ˜ŠğŸ˜Š
;andreses
;andresganasteotravez
;lassomienteunayotravez
;lassonuncaserapresidente;arauz;sodalicio;sodalicio
esto;lassies;arauz
ğŸ˜ğŸ˜ğŸ˜ğŸ˜ğŸ˜;;;lassies;arauz
ğŸ˜ğŸ˜ğŸ˜ğŸ˜ğŸ˜;;reflechuchadetumadre
;bobohijueputa
;elpautas;;;unmartiniporfa1;lassies"
jun -2020,;vacunadosgold;;;dejemosm
abr -2020,;coip;coip
nov -2019,;vacunagateec;vacunadosgold;lassoesmoreno;arauznomientasotravez
ago -2020,;lassopresidente2021;;nadiepreocupa;;;lasso
mar -2020,";odiarte;rankingradiodisney;rankingrd;;;mundopatycantu;odiarte;rankingradiodisney;rankingrd;lassoevasor
;lassoespandora
;lassomentiroso
;lassoladronasso;;;cristinajacomeelacayos
;loscorruptossiemprefueronellos;;;compscordova;lassoespandora
;lassoesperjurio
;lassoevassor
;lassodestitucion"
sept -2021,;pandorapapers
jul -2020,;lassoesmoreno;vacunadosgold
may -2020,";arauzpresidente2021
;leninchao;;;vevb2013siguemeeeee
;arauzpresidente2021;;;nelsonrodmerağŸ‡ªğŸ‡¨âœŠğŸ½
;arauzpresidente2021;;;chaluisaelsasiguiendo
;arauzpresidente2021;;;bonilcaricatura
;arauzpresidente2021;;;estebanbernalbhdlgp
;lassonuncaseraspresidente
;lassoessalado;;;arauzesmoreno
;felizcumplequeridomashi
;andrespresidente
;hastalavictoriasiempre"
feb -2020,;jodedoresdeoficio;jodedoresdeoficio;lasso
dic -2020,;senescytjajajja;;;lasso;yonoloreconoco;;cuando;lasso;;no;lasso;;
mar -2020,";salariosdignosinstitutospÃºblicos;escalafoninstitutospublicos;tablasalarialinstitutospÃºblicos;salariosdignosinstitutospublicos;escalafoninstitutospublicos;tablasalarialinstitutospÃºblicos
;salariosdignosinstitutospÃºblicos;escalafoninstitutospublicos;tablasalarialinstitutospÃºblicos;salariosdignosinstitutospublicos;escalafoninstitutospublicos;tablasalarialinstitutospÃºblicos"
dic -2020,;inapapers;pandorapapers
abr -2021,;recuperaremoslapatria
oct -2020,musica;;;felizcumpleandres;arauzpresidente2021
mar -2021,"obras

;lassonosrobaotravez;;;ecuarauz"
ago -2020,;todosconlasso;encontremonosparalograrlo;encontremonosparalograrlo;todosconlasso
ago -2020,";constituciondevida
;encontremonosendemocracia
;;constituciondevida
;encontremonosendemocracia
;;constituciondevida
;encontremonosendemocracia
;constituciondevida
;encontremonosendemocracia
;;constituciondevida
;encontremonosendemocracia
;corteconstecu;;;constituciondevida
;encontremonosendemocracia
;;constituciondevida
;encontremonosendemocracia
;;encontremonosendemocracia
;ecuadoresprovida
vida;;;ecuadoresprovida
vida;;;ecuadoresprovida
provida;;;ecuadoresprovida
;asambleaecuador;;;ecuadoresprovida
vida;;;ecuadoresprovida
vida;;;ecuadoresprovida
voz;;;ecuadoresprovida
amor;;;ecuadoresprovidahumanidad;;;ecuadoresprovidapadres;;;ecuadoresprovidavida;;;ecuadoresprovidaculpa;;;ecuadoresprovidaalma;;;ecuadoresprovida
provida;;;ecuadoresprovida
"
nov -2020,;lassoesmoreno
may -2020,;lassoesmoreno;lassoesmoreno;;;pametroya
abr -2020,"paÃ­s
;andresnomientasotravezpaÃ­s
;andresnomientasotravez
;reddetuiterosdemocraticos"
nov -2020,";vacunagate;vacunadosvip;creo;clubrotario;lassonuncaserapresidente;;rumbo;elecciones2021;ecuador;guayaquil;creo
;borregodatecuenta"
ago -2020,";encontremonosendemocracia;lenin
;constituciondevida;encontremonosendemocracia
;constituciondevida;encontremonosendemocracia;constituciondevida;;losdemocraciağŸ“£ğŸ“£
;encontremonosendemocracia;constituciondevida
;;encontremonosendemocracia;constituciondevida
;constituciondevida
;ecuadoresprovida
;corteconstecu;encontremonosendemocracia;lenin
;constituciondevida;encontremonosendemocracia
;constituciondevida;encontremonosendemocracia;constituciondevida;;losdemocraciağŸ“£ğŸ“£
;encontremonosendemocracia;constituciondevida
;;ecuadoresprovida
;constituciondevida
;ecuadoresprovida
;corteconstecu"
feb -2021,";lassoindÃ­gena;lassonuncaserapresidente;;;ecuainm;oficial;lassonuncaserapresidente;lassoesmoreno;lassoesferiadobancario;pautas;;;vegaluos;lassonuncaserapresidente;machas;vacunadosvip;lassonuncaserapresidente;lassoesmoreno;lassoyaestavacunado;lassoesmoreno;lassonuncaserapresidentebye
;cuandoelodioestabademoda;prohibidoolvidar;socialismoescorrupcion;esmeraldas;;;gpepropiedades;trolldelasso;chulquero;chulquero;lassoesmoreno;vivalalibertaddeexpresion;nomatenalpueblo;paraisofiscal;paisdelencuentro;;;omaridrovo"
abr -2021,;sonrisacorega;;;uncafeconjj
jul -2020,;lassoesmoreno;lassonuncaserapresidente;lassoesferiadobancario;soy;prohibidoolvidar
abr -2020,";debatepresidencialecuador;armandoromerorodas;negrabombon;;;isimpjustice;lassopresidente2021
;lassopresidente2021

;leloestasperdido
;nuncamaspillosgobernando
;socialismosxxiesmuerte
;carcelparaloscorruptos
;devuelvanlorobado
;delincuentesdecuelloblanco
;prohibidoolvidar
;ladecadarobada
;cuandoelodioestabademoda"
oct -2020,"ğŸ‘ğŸ‘
;lassopresidente;odiarte;rankingradiodisney;rankingrd;prensacorrupta;prensavendida"
mar -2021,;presocorreapreso;;
dic -2020,;votatodoid12
mar -2020,";elodioyapasodemoda
;ecuarauz;elodioyapasodemoda
;ecuarauz"
nov -2019,;lassoesmoreno;vacunadosgold
abr -2020,";gobiernocriminalycorrupto
por;gobiernodedelincuentes;gobiernocriminalycorrupto;lassoesmoreno;lassonuncaserapresidente"
abr -2020,"paÃ­s
;estamosconyacu
;transparenciacne"
jul -2021,;petro
feb -2021,;lassomiente
feb -2021,;elbinomiodelaesperanza;contigocontodosahora;arauznomientasotravez;;;villotarebeca
feb -2021,;prohibidoolvidar;vacunasvip;vacunadosgold
mar -2020,;arauzymorenosoncorrea
mar -2020,;justiciamsp
ene -2021,;odiarte;rankingradiodisney;rankingrd;;;mundopatycantu;odiarte;rankingradiodisney;rankingrd;odiarte;rankingradiodisney;rankingrd;odiarte;rankingradiodisney;rankingrd;odiarte;rankingradiodisney;rankingrd;odiarte;rankingradiodisney;rankingrd;odiarte;rankingradiodisney;rankingrd;odiarte;rankingradiodisney;rankingrd;odiarte;rankingradiodisney;rankingrd;odiarte;rankingradiodisney;rankingrd;odiarte;rankingradiodisney;rankingrd;odiarte;rankingradiodisney;rankingrd;odiarte;rankingradiodisney;rankingrd;odiarte;rankingradiodisney;rankingrd;odiarte;rankingradiodisney;rankingrd;odiarte;rankingradiodisney;rankingrd;odiarte;rankingradiodisney;rankingrd;odiarte;rankingradiodisney;rankingrd;odiarte;rankingradiodisney;rankingrd;odiarte;rankingradiodisney;rankingrd;odiarte;rankingradiodisney;rankingrd;odiarte;rankingradiodisney;rankingrd;odiarte;rankingradiodisney;rankingrd;odiarte;rankingradiodisney;rankingrd;odiarte;rankingradiodisney;rankingrd;odiarte;rankingradiodisney;rankingrd;odiarte;rankingradiodisney;rankingrd;odiarte;rankingradiodisney;rankingrd;odiarte;rankingradiodisney;rankingrd;odiarte;rankingradiodisney;rankingrd;odiarte;rankingradiodisney;rankingrd;odiarte;rankingradiodisney;rankingrd;odiarte;rankingradiodisney;rankingrd;odiarte;rankingradiodisney;rankingrd;odiarte;rankingradiodisney;rankingrd;odiarte;rankingradiodisney;rankingrd;odiarte;rankingradiodisney;rankingrd;odiarte;rankingradiodisney;rankingrd;odiarte;rankingradiodisney;rankingrd;odiarte;rankingradiodisney;rankingrd;odiarte;rankingradiodisney;rankingrd;odiarte;rankingradiodisney;rankingrd;odiarte;rankingradiodisney;rankingrd;odiarte;rankingradiodisney;rankingrd;odiarte;rankingradiodisney;rankingrd;odiarte;rankingradiodisney;rankingrd;odiarte;rankingradiodisney;rankingrd;odiarte;rankingradiodisney;rankingrd;odiarte;rankingradiodisney;rankingrd;odiarte;rankingradiodisney;rankingrd;odiarte;rankingradiodisney;rankingrd;odiarte;rankingradiodisney;rankingrd;odiarte;rankingradiodisney;rankingrd;odiarte;rankingradiodisney;rankingrd;odiarte;rankingradiodisney;rankingrd;odiarte;rankingradiodisney;rankingrd;odiarte;rankingradiodisney;rankingrd;odiarte;rankingradiodisney;rankingrd;odiarte;rankingradiodisney;rankingrd;odiarte;rankingradiodisney;rankingrd;odiarte;rankingradiodisney;rankingrd;odiarte;rankingradiodisney;rankingrd;odiarte;rankingradiodisney;rankingrd;odiarte;rankingradiodisney;rankingrd;odiarte;rankingradiodisney;rankingrd;odiarte;rankingradiodisney;rankingrd;odiarte;rankingradiodisney;rankingrd
mar -2020,"bravucÃ³nes
;lassonuncaserapresidente;contigocontodosahora
;arauzpresidente;;fila
;lassomienteunayotravez
;lassonuncaserapresidente
;lassoesmoreno;;fiscales
;andrespresidente;;;yakuperezg"
ene -2021,;odiarte;rankingradiodisney;rankingrd;;;mundopatycantu;odiarte;rankingradiodisney;rankingrd;odiarte;rankingradiodisney;rankingrd;odiarte;rankingradiodisney;rankingrd;odiarte;rankingradiodisney;rankingrd;odiarte;rankingradiodisney;rankingrd;odiarte;rankingradiodisney;rankingrd;odiarte;rankingradiodisney;rankingrd;odiarte;rankingradiodisney;rankingrd;odiarte;rankingradiodisney;rankingrd;odiarte;rankingradiodisney;rankingrd;odiarte;rankingradiodisney;rankingrd;odiarte;rankingradiodisney;rankingrd;odiarte;rankingradiodisney;rankingrd;odiarte;rankingradiodisney;rankingrd;odiarte;rankingradiodisney;rankingrd;odiarte;rankingradiodisney;rankingrd;odiarte;rankingradiodisney;rankingrd;odiarte;rankingradiodisney;rankingrd;odiarte;rankingradiodisney;rankingrd;odiarte;rankingradiodisney;rankingrd;odiarte;rankingradiodisney;rankingrd;odiarte;rankingradiodisney;rankingrd;odiarte;rankingradiodisney;rankingrd;odiarte;rankingradiodisney;rankingrd;odiarte;rankingradiodisney;rankingrd;odiarte;rankingradiodisney;rankingrd;odiarte;rankingradiodisney;rankingrd;odiarte;rankingradiodisney;rankingrd;odiarte;rankingradiodisney;rankingrd;odiarte;rankingradiodisney;rankingrd;odiarte;rankingradiodisney;rankingrd;odiarte;rankingradiodisney;rankingrd;odiarte;rankingradiodisney;rankingrd;odiarte;rankingradiodisney;rankingrd;odiarte;rankingradiodisney;rankingrd;odiarte;rankingradiodisney;rankingrd;odiarte;rankingradiodisney;rankingrd;odiarte;rankingradiodisney;rankingrd;odiarte;rankingradiodisney;rankingrd;odiarte;rankingradiodisney;rankingrd;odiarte;rankingradiodisney;rankingrd;odiarte;rankingradiodisney;rankingrd;odiarte;rankingradiodisney;rankingrd;odiarte;rankingradiodisney;rankingrd;odiarte;rankingradiodisney;rankingrd;odiarte;rankingradiodisney;rankingrd;odiarte;rankingradiodisney;rankingrd;odiarte;rankingradiodisney;rankingrd;odiarte;rankingradiodisney;rankingrd;odiarte;rankingradiodisney;rankingrd;odiarte;rankingradiodisney;rankingrd;odiarte;rankingradiodisney;rankingrd;odiarte;rankingradiodisney;rankingrd;odiarte;rankingradiodisney;rankingrd;odiarte;rankingradiodisney;rankingrd;odiarte;rankingradiodisney;rankingrd;odiarte;rankingradiodisney;rankingrd;odiarte;rankingradiodisney;rankingrd;odiarte;rankingradiodisney;rankingrd;odiarte;rankingradiodisney;rankingrd;odiarte;rankingradiodisney;rankingrd;odiarte;rankingradiodisney;rankingrd;odiarte;rankingradiodisney;rankingrd;odiarte;rankingradiodisney;rankingrd;odiarte;rankingradiodisney;rankingrd;odiarte;rankingradiodisney;rankingrd;odiarte;rankingradiodisney;rankingrd;odiarte;rankingradiodisney;rankingrd;odiarte;rankingradiodisney;rankingrd;odiarte;rankingradiodisney;rankingrd;odiarte;rankingradiodisney;rankingrd;odiarte;rankingradiodisney;rankingrd;odiarte;rankingradiodisney;rankingrd;odiarte;rankingradiodisney;rankingrd;odiarte;rankingradiodisney;rankingrd
may -2020,;aldebate;arauz;ecuadordebate2021;;que;lista21;lista21;lista21;lista21
may -2020,;pandorapapers
ago -2020,;elbinomiodelaesperanza;contigocontodosahora;andrÃ©sarauzpresidente;;
nov -2019,";estandesesperados;unasolavuelta;;;vera;asumanera;unasolavuelta;;;alexand567427;lassonuncaserapresidente
;labancaoelpais
;lassoesmoreno;unes"
jun -2020,;elbinomiodelaesperanza;contigocontodosahora
mar -2021,;vacunavip;lassoesmoreno;lassomiente
abr -2020,;pandorapapers
jul -2021,;corrupcion;corrupcion;;;p;equilibrioec;mentiroso;ladron
nov -2019,"votos
;ecuadorestransparencia;;;anderssonboscan;renunciajueztorres;;;anderssonboscan;renunciajueztorres"
nov -2020,;asambleistas;desastroso;leninlasso
abr -2020,"
;leloestasperdido
;borregodatecuenta;;;lightningboltec"
jun -2020,";reactiventrasplantesec;reactiventrasplantesec

;reactiventrasplantesec
;salud;ec
;indotecuador;listadeesperaecamados

;reactiventrasplantesecvidas

;aborrerovega
;reactiventrasplantesec;reactiventrasplantesec
;salud;ec
;indotecuador

;aborrerovega
;jorgewatedtrasplantes
;aborrerovega
;reactiventrasplantesec;listadeesperaec;;salud;ec
;indotecuador

;aborrerovega
;jorgewated

;reactiventrasplantesec

las;listadeesperaec;listadeesperaec;;reactiventrasplantesec"
feb -2021,;lassoesmoreno;vacunadosgold;vacunadosgold
oct -2019,;andresnomientrasotravez;andresnomientrasotravez
jun -2020,;amlo;;;lopezobrador;;amlo
mar -2020,"este
;elpeorpresidentedelahistoria
;elpeorgobiernodelahistoria;;;andresarauz2021
;binomiodelaesperanza;;;kellyl2212
;lassonuncaserapresidente;;;wgomezrla;prensabasura;;;rutakriticamoreno
;mientecomorespira
;cuenteromayordetodoslostiempos
;elpeorpresidentedelahistoria

;elpeorgobiernodelahistoria
;gobiernodeinutiles
;gobiernodelamentira
;gobiernodedelincuentes
;gobiernocobarde;;;literatango
;elbinomiodelaesperanza;;;florcis;paredes"
ago -2020,;vacunadosgold;lassoesmoreno;;;villafernando;;arauz;correismo;ecuadorsevacuna
ene -2021,;elbinomiodelaesperanza;contigocontodosahora
mar -2021,";lassoesmoreno;pactassobanquero
;lassomientedecides
;debatepresidencialec;noelia;arauz
;unidosenvictorias;;;mashirafael"
feb -2021,;mastrabajo;noalaspencionesalimenticias;nopencionesalimenticias;padreymadrepagar
ene -2020,;lasso
oct -2019,;vacunadosgold;lassoesmoreno
dic -2020,";hervas;arauzpresidenteentiendan
;arauzpresidente;lasso;ecuador;;;francosetiencorreista
;lassopresidente2021;arauz;ecuador;arauzpresidente;lassopresidente2021;ecuadorajena
;arauzescorrea;lasso;ecuador;vacunasvip;lassomiente
;pactassobanquero;lassoesmoreno;arauzescorreağŸ˜¸ğŸ˜¸ğŸ˜¸ğŸ˜¸ğŸ˜‚ğŸ˜¸
;andresnomientrasotravez
;ecuador;lenin
;ecuador;lenin;ecuador;correa
;ecuador;ecuador;quito;ecuador;quito;yunda;guarderasenemigodelpueblo
;ecuador;lasso;;;quino2376creer
;ecuador;lasso;correadevuelvelorobado;;;quino2376realidad
;ecuador;;;gata1940
;ecuador;lasso;leyreformatributaria"
mar -2020,"bien



;ecuador;cartel;;;iamtatilopezbien



;ecuador;cartel;;;fernandafebc"
jun -2020,;caÃ±ar;ecuador;encontremonosparalograrlo;lassopresidente
oct -2020,;arauzesguerrilla
may -2020,"
;lassonuncaserapresidente
;lassonuncaserapresidente;;jajajajajajajajajajajajajajajajajaja
;lassonuncaserapresidente
;lassoesmoreno;lassonuncaserapresidente
;lassoesmoreno
;lassonuncaserapresidente;lassonuncaserapresidente
;lassonuncaserapresidente
;lassonuncaserapresidente
;lassoesmoreno
;lassonuncaserapresidente
;lassonuncaserapresidente;lassonuncaserapresidente;lassonuncaserapresidentegracias
;lassonuncaserapresidentemenos;
;lassonuncaserapresidente;lassonuncaserapresidente;lassonuncaserapresidente;lassonuncaserapresidente;lassonuncaserapresidente;lassonuncaserapresidente;lassonuncaserapresidenteviejitos
;lassonuncaserapresidente;lassonuncaserapresidente;vacunadospis;vacunadosgold;lassoesmoreno;;;luisevivanco;jorgeortizsinverguenza
;lassonuncaserÃ¡presidentesinverguenza
;lassonuncaserÃ¡presidentejajajajajajajajajajajajajajajajajajajaja

;lassomienteunayotravez
;lassonuncaserapresidentejajajajajajajajajajajajajajajajajajajaja

;lassomienteunayotravez
;lassonuncaserapresidente;lassomienteunayotravez
;lassonuncaserapresidenteladron
;lassomienteunayotravez
;lassonuncaserapresidente;;;mashirafael;lassoessalado"
ene -2021,";michelasso;danielalfrente;enamoranicaragua
;unidosenvictorias;;;mariemoliavacunado
;eldebuenacunasevacuna"
ago -2021,";urgente;
se;pandorapapers;lassieboy;burroodiador;leydesarrolloeconomico;gastosreservados;temblor;;;;;;despiertaecuador
la"
abr -2020,;arauzpresidente2021
may -2020,"vacunado
;eldebuenacunasevacuna"
ene -2021,";yaku;lasso;yaku;lasso;yalu;correa;cne;leloarauz
a;cne;tce;arauz;lasso;correista;yankess;lasso;cne;atamaint;lasso;arauz;arauz;arauz"
oct -2020,"revoluciÃ³n
;adelantesiempre;enamoranicaragua
;19marzo
;minsanicaragua;ecuadormepreocupa;ecuadormepreocupa"
dic -2020,";ecuadordecide2021;ssxxi;ecuadorsindemocraciamentira
;andresnomientasotravez;;;sofiaespinrc"
nov -2020,;coenacional
jun -2020,";urgente;lassoesmoreno;guayaquil;;ministerio;vacunagate;lassoesmoreno;vacunagate;prensacorrupta;lassoesmoreno;vacunagate;prensacorrupta;lassoesmoreno;rotaryclub;;burr;s;prensacorrupta
;lassoesmoreno;planvacunarseec;;;alivioahora;atencion;prensacorruptaviteri
;lassoesmoreno;andresnomientasotravez;;;atencion;prensacorrupta;andresnomientasotravez;;;ecuadorvideo1;atencion;prensacorruptabarba
;lassoesmoreno;andresnomientasotravez;;los;prensacorruptabarba
;lassoesmoreno;andresnomientasotravez;;;burr;s;prensacorrupta;andresnomientasotravez;labancaoelpais;;;elcomerciocom;atencion;prensacorruptabarba
;lassoesmoreno;andresnomientasotravez;;;atencion;prensacorruptabarba
;lassoesmoreno;andresnomientasotravez;guayaquil;;burr;s;prensacorrupta
;lassoesmoreno;andresnomientasotravez;guillermolasso;;;atencion;prensacorruptabarba
;lassoesmoreno;andresnomientasotravez;;;julio;francog;atencion;prensacorruptabarba
;lassoesmoreno;urgente;;;lepantox;atencion;prensacorruptabarba
;lassoesmoreno;urgente;;burr;s;prensacorruptabarba
;lassoesmoreno;andresnomientasotravez"
ene -2021,;vacunadosgold;;lassoesmoreno;lassocorrupto
ene -2021,";ecuarauzrabascall;vacunadosgold
;lassoesmoreno"
oct -2019,"
;lassopresidente;;
;lassopresidente;;seÃ±or
;lassopresidente;;;carlosverareal"
jun -2020,";lassoesmoreno
;lassonuncaserapresidente;;losbarba;;;andrÃ©sestamoscontigooculto;andrÃ©sarauzhonesto
;lassonuncaserapresidente;;larabascall
;lassonuncaserapresidente;;lassosocial
;elmalplandelasso
;lassoesmoreno;;diana"
may -2020,;lassoesmoreno;vacunadosgold;vacunadosgold
ene -2021,";ecuador
;elecciones2021"
mar -2020,;elpeorgobiernodelahistoria;;;fcarrionm;pandorapapers;lasoevasor;pandorapapers;lasoevasor;;inapapers;ecuador;vergÃ¼enza;mundial
feb -2021,"sri
;lassomienteunayotravez;;;loscorruptossiemprefueronellos;;;polificcion"
feb -2021,;yonofui;;
oct -2020,;vacunadosgold;lassoesmoreno;vacunagateec
ene -2021,;lassoesdespidos
jul -2021,;yabasta;basta
ago -2021,";juntoslologramos
;elcambioyaseaiente"
may -2020,";elpeorgobiernodelahistoria;Â¿;lassoesmoreno;correa;;;diariodecampaÃ±a;contigocontodosahorael
;elbinomiodelaesperanza"
jun -2020,";odiarte;rankingradiodisney;rankingrd;odiarte;rankingradiodisney;rankingrd;odiarte;rankingradiodisney;rankingrd;lassoesmoreno;yonolecreoaldecreo
;lassonuncaserÃ¡presidente"
dic -2020,";compromis
;stopabusotemporalpublico
;stopopes
;inspeccionya
;nosomosplazassomospersonas
;huelgadehambrefijezaya
;fijezayaesconstitucional;;;mariaomaru;compromis
;stopabusotemporalpublico
;stopopes
;inspeccionya
;nosomosplazassomospersonas
;huelgadehambrefijezaya
;fijezayaesconstitucional"
jul -2020,"ğŸ‡ªğŸ‡¨
;14anosbastaya
;elpaisolamafia;;"
feb -2021,;elbinomiodelaesperanza;contigocontodosahora;lassopresidente2021
oct -2019,";binomiodelaesperanzavenceremos
;todotodito1ğŸ’›
;mashirafael"
dic -2019,;lassopresidente;;;malenajarrin;lassopresidente;;;ecuarauz
jul -2020,;arauzymorenosoncorrea
ene -2021,"
;vacunadosgold
;lassoesmoreno"
dic -2019,";reactiventrasplantesec;reactiventrasplantesec

;reactiventrasplantesec
;salud;ec
;indotecuador;listadeesperaecamados

;reactiventrasplantesecvidas
;aborrerovega
;reactiventrasplantesec;reactiventrasplantesec
;salud;ec
;indotecuador

;aborrerovega
;jorgewatedtrasplantes
;aborrerovega
;reactiventrasplantesec;listadeesperaec;salud;ec
;indotecuador

;aborrerovega
;jorgewated

;reactiventrasplantesec

las;listadeesperaec;listadeesperaec;;reactiventrasplantesec"
sept -2020,"

;enamoranicaraguağŸ‡³ğŸ‡®
;quitalelacoronaalvirusğŸ‡»ğŸ‡ª
;patriayvidaessaludğŸ‡¨ğŸ‡º
;cubaviva
;quitalelacoronaalvirus;;;carlodamian14;borregodatecuenta;debatepresidencialec;debate;preguntasqueimportan;preguntaseria;;;pattyaviboom"
abr -2021,ğŸ˜‚ğŸ˜‚ğŸ˜‚ğŸ˜‚ğŸ˜‚ğŸ˜‚;andresnomientrasotravez;arauznomientasotravez;;soloellos;;;andresnomientasotravez
ago -2020,;retiratelasso
may -2020,;gobiernodelencuentro;presidencia;liderazgo;decisiÃ³n;juntoslologramos;desayunos;infantiles;nutriciÃ³n
oct -2019,ecuador;felicitacionesecuador;felicitacionesecuador;siecuador;la
abr -2021,;lassoevasor;lassomentiroso;lassoesunfracasso;lassoevasor;lassorenuncia;;;rutakritika
oct -2019,;mashi;moreno;;;mashirafael;contrapreguntas;yaku
ago -2020,";andresarÃ uz;carlosrabascall;;;wgomezrcampaÃ±a;;;;banquerodescarado
;capacidadparaengaÃ±ar;nÃ³;nÃ³"
oct -2019,"
;andresnomientasotravez;;;ecuarauz"
oct -2019,";guillermolasso;lassoesmoreno;lassopresidente2021mami

;lassonuncaserapresidente;lassopresidente;lassopresidente2021;lassoesferiadobancario"
mar -2021,;labancaoelpais
jun -2021,;priza;corrupto;priza;manabÃ­;priza
feb -2020,;vacunagateec
dic -2020,";vacunadosgold;vacunadosgold;lassoesmoreno;lassoesmoreno;vacunadosgold;vacunadosgold;;;;enamoranicaragua;rusiapoblaciÃ³n
;plomo19;roboluciÃ³nciudadana;nomascorreismo;contigocontodosahorafallarÃ¡
;elbinomiodelaesperanza;lassoesmoreno;vacunadosgold;andresnomientrasotravez;;ypresidente
;lassopresidente2021presidente
;lassopresidente2021arauz
;andresasustadoteveo
;lassopresidente2021ganar
;lassopresidente2021saben
;andresnomientasotravezpresidente
;lassopresidente2021"
nov -2020,;lassoesmoreno;vacunadosgold;vacunadosgold;;;fervit13
mar -2021,"elecciÃ³n
;lassoesmoreno"
jun -2020,;indultoacorreano;cuidado
mar -2021,"ğŸ¤­ğŸ¤­
;lassonuncaserÃ¡presidente"
mar -2021,;suresperanza;suresperanza
feb -2021,";lassoesmoreno;lassoesmoreno
;lassoesmoreno;lassoesmoreno;;;callimanta"
sept -2020,";constituciondevida;ecuador;conabortonotevoto
;acanoserindenadie;;constituciondevida;conabortonotevoto;;constituciondevida;ecuador;conabortonotevoto
;acanoserindenadie;;constituciondevida;conabortonotevoto"
jul -2020,;planton
ene -2021,;lassoesmoreno
abr -2020,;onu;;;villafernando;
may -2020,"investigaciÃ³n
;ikiamesamazonÃ­a
;ikiamesciencianopolÃ­tica
;ikiamesdiversidad

;villafernando;paÃ­s
;ikiamesamazonÃ­a
;ikiamesciencianopolÃ­tica
;ikiamesdiversidad

autonomÃ­a
;ikiamesciencianopolÃ­tica
;ikiamesamazonÃ­a
;ikiamesdiversidad

;villafernando;;;ikiampaÃ­s
;ikiamesciencianopolÃ­tica
;ikiamesamazonÃ­a
;ikiamesdiversidad

;villafernando;"
oct -2019,"bernal;;ğŸš¨;urgente

a;debatepresidencial2021;andreabernalğŸ‘‡ğŸ¼

;elmonolÃ³pezinforma
;periodismosinfiltro"
abr -2020,";fijezayaesconstitucional;stopabusotemporalpublico;fijezaya;fijezayaesconstitucionalespaÃ±a
;fijezayaesconstitucional;huelgadehambrefijezaya"
jun -2021,;mashicon;;;justici45632100;alibaba;correista;mameluco;burregos;burregos;borregos;mashicÃ³n
mar -2021,";enamornicaragua
â¤ğŸ–¤âœŠâœŠ
;19marzo"
jun -2020,"extinguir
;inspeccionya
;stopopes
;fijezaya;;;marlonisthemanbernal
;elecciones2021ec;;;jucaurtel"
mar -2021,";lasso
decir;lassoesmoreno;vacunavip;elecuadordelencuentro"
ene -2020,;andresnomientasotravez
nov -2020,;lassonuncaserapresidente
jul -2021,;gye;ecuadorgeneral;gyee;;;p;equilibrioec
feb -2020,;lassoesmoreno;lassomiente;pactassobanquero;lassoesmoreno
may -2021,;estudiantesutpl
mar -2021,;vacunadosgold;lassoesmoreno
oct -2020,";asambleanacionaldestituyanamoreno
;elpeorgobiernodelahistoria;inutilcostaldeodio;lassoesmoreno;feriadobancario;;;lassonuncaserapresidente;lassoesmoreno;;;omaryepez76;lassoesmoreno;lassonuncaserapresidente;;;lassonuncaserapresidente;elpeorgobiernodelahistoria"
nov -2020,;lasso;mafiosos
abr -2020,"paÃ­s
;estamosconyacu
;concluyaku
;transparenciacne"
nov -2019,;lassopresidente2021;lassopresidente2021;lassopresidente2021;reddetuiterosdemocraticos;ecuador
ago -2020,;constituciondevida;constituciondevida;constituciondevida;constituciondevida;constituciondevida;noalaborto;constituciondevida;constituciondevida;encontremonosendemocracia;constituciondevida;encontremonosendemocracia;ecuadoresprovida;constituciondevida;constituciondevida;constituciondevida;constituciondevida;constituciondevida;noalaborto;constituciondevida;constituciondevida;encontremonosendemocracia;constituciondevida;encontremonosendemocracia;ecuadoresprovida
abr -2021,;justiciamsp;ecuador
feb -2021,ğŸ¤­ğŸ¤·;;;arauzpresidente2021
oct -2020,;vicentearrobaditto;lassorenuncia
abr -2020,"ecuador
;estamosconyacu
;concluyaku
;transparenciacne"
dic -2020,";elbinomiodelaesperanza
;contigocontodosahora"
oct -2019,;lassomiente;pactassobanquero
dic -2020,;lassomiente;pactassobanquero;lassomiente
feb -2020,;vacunadosvip;vacunadosvip
ene -2021,";andresarauzpresidente;;;ejfrancol1;andresarauzpresidente;arecuperarelfuturo
;recperarlapatria
es"
dic -2019,;lassomiente;pactassobanquero;lassoesmoreno
oct -2019,;riobamba
abr -2020,;ecuadorconxavier
nov -2019,;ecuador;cuenca;reddetuiterosdemocraticos;codigovidrio;lassosincorreismo
oct -2019,;quito;;;ing;carlos87;andresnomientasotravez;andresnomientasotravez;;;ecuarauz;andresnomientasotravez
abr -2021,;evasor;pandorapapers;;el
ago -2020,;carlosvera
abr -2021,"econÃ³mica
;nuncamaselsocialismo"
dic -2020,";lassoesmoreno;vacunadosgold;vacunadosgold
;elpueblohonradoterespalda
;unidosvenceremos;;;soloparaentendisos"
mar -2021,";elecuadordelencuentro;lassoesmoreno;correismo;;conversatorio;santaelena
cc;tedlasso;;arauzesdiscriminaciÃ³n;arauzescorrea;arauzesdivisiÃ³n;arauzesodio;cuandoelodioestabademoda;ecuador;nuncaserÃ¡spresidente;;;nastyy;nikki;elbinomiodelaesperanza;contigocontodosahoradebate
;ecuadordebate2021"
may -2020,;vacunadosgold;lassoesmoreno;pastusolasso;;;kaingye74
feb -2021,";odiarte;rankingradiodisney;rankingrd;odiarte;rankingradiodisney;rankingrd;;;mundopatycantu;odiarte;rankingradiodisney;rankingrd;odiarte;rankingradiodisney;rankingrd;odiarte;rankingradiodisney;rankingrd;borregodatecuenta;;;mundopatycantu;odiarte;rankingradiodisney;rankingrd;;encontrÃ©monos

;encontrÃ©monosparalograrlo;odiarte;rankingradiodisney;rankingrdlÃ­der
;adelantesiempre;enamoranicaragua
;19marzo
;minsanicaragua
;presidente"
feb -2021,";lassonuncaserapresidente;lassonuncaserapresidenteğŸ˜ˆ
;lassonuncaserapresidente;;;isidroromero;c"
oct -2019,;lassoesmoreno;planvacunarseec;elecuadordelencuentro
ago -2020,"similar

;soscaliddhh;;;radiosonorama;leydesarrolloeconomicopeor

;loscorruptossiemprefueronellos
;leydesarrolloeconomico;;;karen;minda;leydesarrolloeconomico"
feb -2021,;lassopresidente2021;;;yoopinoypunto1
abr -2021,;stivenmolinagobernadordelguayas;stivenmolinagobernadordelguayas
sept -2020,;lasso;abdala
oct -2020,";platitabotada;;;elisatinz;vacunadosgold;lassoesmoreno;patriapazyporvenir
;ecuadorsevacuna;andresnomientasotravez;;;maxfalejandro"
feb -2021,;odiarte;rankingradiodisney;rankingrd;;;jorgegestoso
feb -2021,;arauzpresidente;;;rutakritica
sept -2020,;lelo;;;evoespueblo
nov -2020,";lassonuncaseraspresidente;lassoesmoreno;;;katuarkonada;sosecuador;felizcumpleandres;mipresiandrescumple;mipresiandrÃ©scumple;arauzpresidente;arauzpresidente2021;mipresiandrÃ©scumple;mipresiandrescumple;;;telesurtv;elpeorgobiernodelahistoria;golpealademocracia;democraciacuesteloquecueste;;;ecuarauz;golpealademocracia;democraciacuesteloquecueste;;;orlandoperezec;yankeeperez;;;rabascallcarlos;arauzpresidente;arauzrabascall;;;ivetteceli;arauzpresidente;lassoesmoreno;lassoesmahuad;lassoesneoliberalismo;lassoesferiadobancario;lassoesatracoymiseria
;lassoescontinuidaddemoreno
;lassoesodio
;bastaya;arauzpresidente;;;uncafeconjj;lassoesmoreno;ganÃ³labancaperdiÃ³elpueblo"
mar -2020,";debatepresidencialec;socialismo
;socialismoesmiseria"
dic -2020,;bolivia
abr -2021,;lassoladronasso
jul -2020,;vacunadosgold;lassoesmoreno;vacunadosgold;lassoesmoreno
ago -2020,;vacunadosgold;vacunagateec;lassoesmoreno
nov -2020,"moreno
;guillermolasso
;lassonomientasunayotravez"
may -2020,;chulqueroangurriento;platodesegundamesa;elpeorgobiernodelahistoria;;;yakuperezg;elpeorgobiernodelahistoria;lassoesmoreno;elpeorgobiernodelahistoria;lassonuncaserapresidente;lassonuncaserapresidente;lassoesmoreno;;;elpeorgobiernodelahistoria;lassonuncaserapresidente;lassoesmoreno;elpeorgobiernodelahistoria;lassonuncaserapresidente;lassoesmoreno;vicentearrobaditto;elpeorgobiernodelahistoria;;;wilfridolaz;elpeorgobiernodelahistoria;lassoesmoreno;;;relicheandres;pabloescobar
mar -2021,";arauz;;;larepublica;ec;presidente2021;lasso;pueblo2021

;todoporlademocracia;todolista1;5;;;lasso;pueblo2021

;todoporlademocracia;todolista1;5;;;arauz;lasso"
ene -2021,"corrupciÃ³n
;estamosconyacu
;transparenciacne;;;yakuperezgcambio
;estamosconyacu
;concluyaku
;transparenciacne"
dic -2019,;lassonuncaserapresidente;;;ap;kost;lassoesmoreno;elpeorgobiernodelahistoria;elgobiernodelosmasmediocres;yasulasso;vacunadosgold;vacunadosvip;;vacunadosgold;lassoesmoreno;lassoesunfracasso;;;fernandafebc
dic -2019,;sputnikv
dic -2020,";observatoriociudadanodecontrolelectoralcne;;;observatoriociudadanodecontrolelectoral;observatoriociudadanodecontrolelectoral;observatoriociudadanodecontrolelectoralquebrado;
;juntoslolograremos
;vamosasaliradelante
;ecuadordelencuentro;ecuador;elecuadordelencuentro;elecuadordelencuentro"
mar -2021,"paÃ­s
;encontrÃ©monosparalograrlo
;lassopresidente2021
"
jul -2020,;andresnomientasotravez;;;ecuarauz;andresnomientasotravez
nov -2019,;andresnomientasotravez;;;ecuarauz;andresnomientasotravez;;;notimundoec
mar -2020,"
;lassoesmoreno;peorgobiernodelahistoria"
oct -2019,;lassoesmoreno;lassonuncaserÃ¡presidente;yonolecreoaldecreo;nullotodos;;;armando23539037;roboluciÃ³nciudadana;nomascorreismo
may -2021,;pabelpagalaglosa;;;miltonc90626185
nov -2020,"ğŸ‘‡ğŸ¼

;elmonolÃ³pezinforma
;periodismosinfiltro"
feb -2021,";lassoesmoreno;vacunadosgold;;;maria;ma12;leloarauz;
;arauzpipon
;arauzelitecorreista
;andresnomientasotravez
;andresnomientasotravez
;arauzesyunda
piponincompetentes
;andresnomientasotravez
;andresnomientasotravez;andresnoborresotravez
;andresnomientasotravezfÃ­jate
;andresnoborresotravez
;andresnomientasotravez
;andresnomientrasotravezintimidaciÃ³n
;andresnoborresotravez
;andresnomientasotravez
;andresnomientasotravezpendejadas

ğŸ˜ğŸ˜ğŸ˜ğŸ˜ğŸ˜ğŸ˜ğŸ˜€
;andresnomientasotravez
;andresnomientasotravez;;;papalusa;v
;arauzpipon
;arauzelitecorreista
;andresnomientasotravez
;andresnomientasotravez
;arauzesyunda
piponincompetentes
;andresnomientasotravez
;andresnomientasotravez
;varela
;gustavomanriq;m;varela;vela;varela;varela"
oct -2020,;lassopresidente21;lassopresidente21;lassopresidente21ğŸ‡ªğŸ‡¨ğŸ‡ªğŸ‡¨ğŸ‡ªğŸ‡¨ğŸ‡ªğŸ‡¨;;;lfc014;lassopresidente21;;;guillermolasso;lassopresidente21;vacunadosgold;lassoesmoreno;vacunadosvip;vacunadosgold;lassoesmoreno
jul -2020,";lassoesdespidos

;lassoesdespidoscÃ¡ncer

;lassoesdespidos"
may -2020,"rechazamos
;villavicencionomientasotravez
;ikiamesamazonÃ­a
;ikiamesciencianopolÃ­tica
;ikiamesdiversidad
;villafernando;
"
abr -2020,;pactassobanquero;lassoesmoreno
ago -2020,";fijezaya
no;eresungrandeğŸ’ªğŸ’ª;;;eayalamora"
jul -2021,;guayaquil;sismo
dic -2020,";vacunadosgold
;andresnomientrasotravez;;;eduizurieta1;andresnomientasotravez;;;juanma;04
;andresnomientasotravez;;;justicevera26mentir
;andresnomientasotravez;;;joselo681513;lassopresidente;;;byronmaiden13;lassopresidente;;;byronmaiden13"
dic -2020,;vacunadosgold;lassoesmoreno
feb -2020,;leloinfeliz;lassopresidente;;cuando
mar -2021,;rotaryclub;;;carlosverareal
mar -2021,;nolecreo;;;eluniversocom
abr -2021,;antoniaurrejolanoguera;alvarouribegenocida
sept -2020,;barcelona
oct -2019,;siguemeytesigo;;
ene -2021,";pactofiscalporlasmujeresylasniÃ±as;unpactojustoporellasdetailed
;art;digital;digitalart;photoshop;anthro;creature;artistontwitter;lassopresidente2021basta
;lassopresidente2021;;;fabiolaverduga;enamoranicaragua;;;lakolmenaec;vacunadosgold;lassoesmoreno;lassomiente;lassoesmoreno;vacunavip;lassomientevacunas
;vacunadosgold;vacunagateec;lassoesmorenovacunas
;vacunadosgold;vacunagateec;lassoesmoreno"
may -2020,;ecuadoresprovida;;;ecuadoresprovida
feb -2021,;quito
ago -2020,;cinico;vacunadosgold;lassoesmoreno
mar -2021,";patriapazyporvenir;unidosenvictorias;;;lassomiente
;leloarauz
;elecciones2021ec
;bancodeguayaquil;lassomiente;lassoesmoreno;vacunadosgold;vacunadosgold;vacunadosgold;lassoesmoreno;vacunagateec;ecuadorjelÃ­

;contigocontodosahora;andrÃ©spresidente;ecuadordecide2021;lmlpqtp;lassoesmoreno;quitopunto;;;pifo;elbinomiodelaesperanza
elhacerlo

;contigocontodosahora
;mashirafael
;segundavueltaec;ecuador;lasso;debatepresidencialec;elecciones2021ec;investigarÃ¡n;;;;;lomÃ¡sdestacado;decisiÃ³necuador2021;;lomÃ¡sdestacado;decisiÃ³necuador2021;correÃ­stas;puercos;;prohibidoolvidar"
may -2020,urnas;;;encontrÃ©monos;vacunadosgold;lassoesmoreno;vacunadosgold;;efectolasso;
ago -2020,;elbinomiodelaesperanza
ene -2020,;erikachicÃ³;erikachicÃ³;erikachicÃ³
nov -2019,;odiarte;rankingradiodisney;rankingrd;enamoranicaragua
oct -2019,;lassopresidente2021
dic -2020,"paÃ­s
;estamosconyacu
;transparenciacne
;concluyaku"
mar -2020,";nicaraguaâœŒğŸ»ğŸ”´âš«
;patriapazyporvenir
;todosconamor

;anyz57509533;;muy"
dic -2020,";urgenteğŸº;;;urgente;lassoesferiadobancario;lassoesmoreno;lassoesferiadobancario;;;yakuperezg
;contigorafael"
ene -2021,;lassoesmoreno;;;serviresvivir
dic -2020,";lassoesmoreno;vacunadosgold
;vacunadosgold"
mar -2021,;lassonuncaserapresidente;lassoesmoreno;lassonuncaserapresidente;lassoesmoreno;lassoeslomismoquemoreno;andrespresidente2021;;;rabascallcarlos
abr -2021,"
;porunfuturolibre;dilenoalcaces"
dic -2020,"yaku
;concluyaku
;estamosconyacu
;transparenciacne;;;yakuperezgcorrupciÃ³n
;estamosconyacu
;concluyaku
;transparenciacne"
ene -2020,;msurconarauz
oct -2019,";aypame;golpealademocracia;elvicedelaesperanza;elvicedelaesperanza;jorgeortiz;machala;arauzpresidente2021;arauzrabascall;uf2023;fyparauz;votonulo;;;carlosverarealuribe

;soscolombiaddhh
;duqueasesino
;onu
;oea;;;elcomerciocom"
feb -2021,;lassoevasor;;;vasconez;luisa
feb -2021,;lassoesmoreno;vacunadosgold
jun -2020,;yakuespueblo;yakuespueblo;yakupresidente;;;carlosverareal;yakupresidente;;;ramiroriveraec
ene -2021,"fraude
;estamosconyacu
;transparenciacne;;;yakuperezgrindas
;estamosconyacu
;concluyaku
;transparenciacne"
mar -2021,;borregodatecuenta
jun -2020,;elbinomiodelaesperanza;contigocontodosahora
mar -2021,;elpeorpresidentedelahistoria
ene -2021,";vacunadosgold
;lassoesmoreno"
ene -2021,;presidente2021
abr -2021,;ecuador
jun -2020,"ahora;
;guillermolasso;leninmoreno;corrupcionvip;votoignorante;losenanospoliticos;losenanospoliticos;manuchao;srmatanza;uribe;angela;angela;ivanduque;srmatanza;estadodeexcepcionmoral;
;ajidemarruecos"
jun -2021,;perenco;justicia;ysitepasaati;iÃ±igosalvadorcrespo;perenco;iÃ±igosalvadorcrespo
feb -2021,;lassojamÃ¡sserÃ¡spresidente;debatepresidencialecuador;vacunadosgold;lassoesmoreno;covid19;vacunadosgold;lassoesmoreno
ago -2020,corrupto;;;vacunadosgold
dic -2020,";debatepresidencial2021âœŠ

;andresarauzpresidente2021"
abr -2021,;yosisabÃ­a;yosisabÃ­a
oct -2019,;lassomiente;lassomiente
dic -2019,;contigocontodosahora;elbinomiodelaesperanza
abr -2021,;bastadebestias;bastadebestias;bastadebestias;bastadebestias;;;ecuavisainforma;bastadebestias;;;carlosfigueroa6;bastadebestias;bastadebestias;bastadebestias;bastadebestias;bastadebestias;bastadebestias;bastadebestias;;;justici3467123;bastadebestias;noseanborregos;;;justici3467123;bastadebestias;bastadebestias;nomastriunvirato;;;mbtello;bastadebestias;bastadebestias;;;gata1940;bastadebestias;;;lahistoriaec;bastadebestias;;;bastadebestias;;;primeraplanaecu;bastadebestias;bastadebestias;bastadebestias;;;albertoacostae
dic -2020,;lassoladronasso;vacunadosvip
dic -2020,";galÃ¡pagos
;yoestoycongalÃ¡pagos
;vamosporlanuevareserva"
nov -2019,";r25;;;ecuarauz

;jovenesenterritorio
;jovenesconandresarauz

;ecuarauz;agroesmeraldas;agro"
jul -2021,;corrupcion;ecuador;contraloria;;;p;equilibrioec
oct -2020,;vacunadosgold;vacunadosvip;lassoesmoreno;vacunadosgold;lassoesmoreno;lassoesvivanco;lassoesoquendo;lassoesmoreno;redcoplatam;compol;leyhumanitaria
mar -2020,;venezuela
nov -2019,"lasso
;lorohijodetuputisimamadre;;;marisol;bowen;vacunadosgold;lassoesmoreno;vacunadosgold;vacunadosgold
;lassoesmoreno;vacunadosgold;vacunadosgold

ni"
oct -2020,";ascoyvergÃ¼enza;ascoyvergÃ¼enza;ascoyvergÃ¼enza;ascoyvergÃ¼enza;ascoyvergÃ¼enza;ascoyvergÃ¼enzacomÃºn

;jornadadereflexion;;comÃºn

;jornadadereflexion;;comÃºn

;jornadadereflexion;;comÃºn

;jornadadereflexion;;;edularreasalud"
oct -2020,;losenanospoliticos;ecuador;losenanospoliticos;ecuador;forzaitalia;pajarosdebarro
dic -2020,"
;encontremonosendemocracia;constituciondevida;encontremonosendemocracia;constituciondevida;;encontremonosendemocracia;constituciondevida;;encontremonosendemocracia;constituciondevida;ecuadoresprovida;encontremonosendemocracia;constituciondevida;;;encontremonosendemocracia;constituciondevida;encontremonosendemocracia;constituciondevida;encontremonosendemocracia;constituciondevida;;encontremonosendemocracia;constituciondevida;encontremonosendemocracia;constituciondevida;;constituciondevida;ecuadoresprovida;constituciondevida;ecuadoresprovida;;constituciondevida;ecuadoresprovida;;esurgentecorte;ecuadoresprovida;encontremonosendemocracia;constituciondevida"
feb -2021,;castigarpormanipularcampaÃ±as
oct -2019,"

;lassonuncaserapresidente;;;mashirafael"
abr -2021,;leyextinciondedominio;leyultradefensadolarenec;leyextinciondedominio;leyultradefensadolarenec
may -2020,"
;lassoesferiadobancario
;lassonuncaserapresidentepaÃ­s
;lassoesmoreno
;lassonuncaserapresidente;;;goyosaltos;binomiodelaesperanza;venceremos;lassonuncaserapresidente
;lassoodiamanabÃ­

;lassoodiamanabÃ­esmeraldas

;lassoodiamanabÃ­
;lassoodiamanabÃ­

;lassoodiamanabÃ­esmeraldas

;lassoodiamanabÃ­administraciÃ³n
;yonotengopresidente
;lassoevasor
;lassomentiroso
;lassoesunfracasso
;lassorenunciapapers
;lassoevassor
;lassoespandora;;;cecilia8hida;pandorapapers"
oct -2019,;lasso;con;el;banco;del;pacifico;no;te;metas;o;te;arrepentirÃ¡s;;;fcarrionm
ene -2020,;pandorapapers
mar -2020,;lenilasso
dic -2019,";elbinomiodelaesperanza;andrÃ©spresidente2021;;reelnotes
;reddetuiterosconlasso"
sept -2020,";arecuperarlapatria;arauzpresidente;rabascallvicepresidente;vota1
;mashirafael;odiarte;rankingradiodisney;rankingrd"
dic -2020,;juntosloestamoslogrando
abr -2020,;elecciones2021ec;eleccionesecuador;;;ecuarauz
feb -2021,;renuncialasso;;;renuncialasso;;;xhervas;renuncialasso
sept -2020,"aborrece
;niunvotoaladerechacÃ¡maras
;niunvotoaladerechacreemos
;lassoesmoreno
;lassonuncaserapresidente
;vacunacionvip
;vacunagateecchulquerasso
;lassonuncaserapresidente
;lassoesmoreno
;elpeorgobiernodelahistoria"
may -2020,;felizaniversariolasso;felizaniversariolasso
abr -2021,;contigocontodosahora
feb -2021,"mundo
;ikiamesamazonÃ­a
;ikiamesciencianopolÃ­tica
;ikiamesdiversidad
;villafernando;
"
ene -2021,;unasolavuelta;andresarauz;ecuador;elecciones2021ec
feb -2021,";estamosconyaku
;mivotoserespeta"
feb -2021,idioteces;;;elclassismo
mar -2021,;vacunadosgold;lassoesmoreno
abr -2021,";mayodignidadnacionalvencemos
;vacunandonospuebloquevence
;nicaragua
;5mayo
;adelantesiempre
;elmanifiesto
;adelantesiempr4"
nov -2020,";capacidadparacambiar;capacidadpararobarmigrar

;elecciones2021ec"
oct -2019,;arauzpresidente2021;;;isidroromero;c;yallegalasalud;;que;arauzÂ ;guillermolassoÂ ;desdolarauzÂ ;;andrespresidente2021
dic -2020,;freepalestine;boicotisrael
feb -2021,;prohibidoolvidar
mar -2021,;loveisintheair27a;;;oklyn23;loveisintheair27a
nov -2021,;xavieralvarez;mariajosecastelblanco;loscorruptossiemprefueronellos
oct -2019,;prensacorrupta;losbanqueros;traidores;judas
nov -2020,";mÃ¡samorymenoshate;
;ecuarauz;segundavueltaec;vacunadosgold;vacunagateec"
mar -2021,";jaimenebotsaadi

;lassoesmoreno"
ene -2021,;andresnomientasotravez
dic -2019,;meduelesecuador
jul -2021,;lassoesunfracasso;lassoesunfracasso
may -2020,;diacontralaviolenciadegenero
jul -2020,";mashienseÃ±aelreportedevalencia

;lassonuncaserapresidente"
abr -2020,";encontremonosendemocracia;constituciondevida;constituciondevida;encontremonosendemocracia;noalabortoderecho;;;encontremonosendemocracia
;constituciondelavida;encontremonosendemocracia;constituciondevida;constituciondevida;encontremonosendemocracia;noalabortoderecho;;;encontremonosendemocracia
;constituciondelavida"
ago -2020,;corruptos;;;ecuarauz
oct -2019,;arauzescorrea;arauzesdivisiÃ³n;arauzesodio;cuandoelodioestabademoda
mar -2021,;vacunadosgold
ene -2020,;andresnomientaotravez
mar -2020,;medicinas;atenciÃ³n;salud;medicinas;atenciÃ³n;salud
jul -2021,;lassoladronasso;ecuarauz;;;isspol
ago -2021,;omicron;omicron
jun -2020,;elecciones2021ec;;;edverar
oct -2019,;yakupresidente;yakupower;yaku
ene -2020,;vacunadosgold;lassoesmoreno
feb -2021,;odiarte;rankingradiodisney;rankingrd;odiarte;rankingradiodisney;rankingrd;snydercut;;;yamato20212021
ene -2021,;borregodatecuenta
feb -2020,;vacunadosgold;lassoesmoreno
oct -2020,;andresnomientasotravez
dic -2020,;arauzescorrea;;;ricardoaa;ec
feb -2021,;venceremos;;;martinguillenp
feb -2021,";lassoesmoreno;vacunadosgold
;vacunagateec"
jun -2020,";llorocomochespivilla
;llorocomochespivilla"
feb -2021,";contigocontodosahora;andrespresidente
;ecuarauz"
jul -2020,;nulo;;;soloelpueblosalvaalpueblo;esleyec;;;soloelpueblosalvaalpueblo;esleyec
nov -2020,"
;andresarauz"
mar -2021,";untrasplanteparatamia
;ecuador;rt
;guayaquil;ayudasolidaria
;arturo;precilla
;retweeet"
jul -2020,";energÃ­apositivaeeq
;sectoresquetrabajanporti;odiarte;rankingradiodisney;rankingrd;contigocontodosahora
;elbinomiodelaesperanza"
nov -2020,;lapazeselcaminodaniel2021;lapazeselcaminodaniel2021
mar -2021,";elecciones2021

;ods10;;investoriaec;ods;odsecuador"
feb -2021,;lassopresidente2021
ene -2021,;vacunadosgold;lassoesmoreno;vacunadosgold;lassoesmoreno
abr -2021,;encontremonosparalograrlo;;
ene -2020,;paquetazo
ene -2020,es;;;elecciones2021;;lassoesmoreno;vacunadosgold;granpactonacional
abr -2021,;muertecruzada
feb -2020,;borregostontos;;;ecuarauz
ene -2021,;lasso
jun -2020,;lassopresidente2021
may -2020,;espaÃ±a
mar -2021,;odiarte;rankingradiodisney;rankingrd;odiarte;rankingradiodisney;rankingrd
nov -2020,;yaculasso
mar -2021,;vacunadosgold;lassoesmoreno
ago -2020,";felizdiadelamujer
;8mar
;diainternacionaldelamujer
venezolanas
;cuarentenaradicalreforzada
;internationalwomensday
;soscolombiaddhh
;bolcheviques
;haddadlula2022;forabolsonarogenocida;chileendictadura;cubaessolidaridad;parenelgenocidioencolombia;freepalestineğŸ‡»ğŸ‡ªğŸ‡¨ğŸ‡ºğŸ‡³ğŸ‡®ğŸ‡§ğŸ‡´ğŸ‡¦ğŸ‡·ğŸ‡§ğŸ‡·ğŸ‡¨ğŸ‡´"
may -2020,;powell
mar -2020,;lassomiente
ene -2020,;guillermolasso
nov -2019,;covid19
oct -2020,";alivioahora
;alivioahora
;contigocontodosahorağŸ‡ªğŸ‡¨"
may -2021,;yosoydelteamjp
ene -2021,;vacunadosgold;lassoesmoreno
sept -2020,;ecuador;estamosenlamierda
dic -2020,"mucho
;votatodo4"
dic -2020,"demagÃ³gicas
;lassojamasserapresidente"
ene -2021,;efectolasso
abr -2021,;cacesinjusto;cacesinjusto
sept -2020,;gilaso;gilaso;gilaso
mar -2021,;iess;iess
abr -2021,"

;efectolasso"
nov -2020,"4
;votatodo4"
ene -2021,;vacunadosgold;lassoesmoreno;;;metalnacho87
ene -2021,;peorgobiernodelahistoria
ago -2020,;arauzymorenosoncorrea
dic -2020,;elpeorgobiernodelahistoria
nov -2020,;eln
dic -2019,;omicron;espaÃ±a;canadÃ¡;eeuu
abr -2020,;andresestamoscontigo;digonomÃ¡s;digonomÃ¡s;;;wilfridolaz;digonomÃ¡s;digonomÃ¡s;;;mashirafael;digonomÃ¡s;;;nelsonesteban76;digonmÃ¡s;digonomÃ¡s
mar -2021,;cotopaxi;tungurahua;chimborazo;bolÃ­var;lassoodiaalosindÃ­genas;cotopaxi;tungurahua;chimborazo;bolÃ­var;lassoodiaalosindÃ­genas
mar -2021,";snydercut;;lassopresidente
;lassopresidente2021
;lassopresidente2021
;lassopresidente2021
;lassopresidente2021;;;libreriaabrente"
abr -2020,;paolapabÃ³n;gabrielaribadeneira
feb -2021,;lelo;lelo
jul -2021,;gilasso
mar -2020,"
;fuerazaldumbide"
jul -2020,;andresnomientasotravez
abr -2020,;todosconlasso
nov -2020,";nocorporativismo
como"
jun -2020,;lassonuncaserapresidente;lassoesprivatizaciÃ³n;lassoespobreza;;;lassoesmoreno;lassonuncaserapresidente
ago -2020,;coenacional
nov -2019,;creo
mar -2021,;lassomiente;vacunavip;lassoesmoreno
mar -2021,;lasso;criminales;venezuela;alacranes;chavismo;podersi;oposiciÃ³n;cronograma
jul -2021,;lasso;correa;;;carlosa51857912
abr -2021,;pandorapaper;;;faustojarrint;lassorenuncia;lassoevassor
mar -2021,;ladrones
oct -2019,;andresnomientasotravez
oct -2019,;leloestÃ¡sperdido
oct -2020,";jacobito;primermillÃ³n;leloantes

;falsocrowdfunding"
ene -2021,;noalasrestricciones;norestricciones;;;joe59106271
abr -2021,;icetaescucha
ene -2021,;justiciadivina
jun -2020,";xavierensegundavuelta;;;mabesita;2107;xavierensegundavuelta
;ecuadorconxavier;;;cmdcalle;mivotoresponsable;xavierensegundavuelta;;;yolandavizuete;mivotoresponsable;xavierensegundavuelta;;;mivotoresponsable;xavierensegundavuelta;;;atrÃ©vete;xavierensegundavuelta
;ecuadorconxavier;;;xavierensegundavuelta;ecuadorconxavier;xavierensegundavuelta;ecuadorconxavier"
dic -2020,"ğŸ³ï¸â€ğŸŒˆğŸ³ï¸â€ğŸŒˆğŸ³ï¸â€ğŸŒˆğŸ³ï¸â€ğŸŒˆğŸš©ğŸ˜ˆ
;yakusegundavuelta
;transparencialuz
;fraude;;fraudulento
;fraudeescorrupciÃ³n;;porque
;fraudeescorrupciÃ³n"
may -2020,;fueracorreafuera
mar -2020,;todossomosamberly
abr -2020,;vacunadosgold
ene -2021,;manabi;correa;manabi
nov -2019,;vacunadosgold
oct -2020,";robo

;demagogoeconomÃ­a

;lassonuncaserapresidente;;;contigocontodosahora;elbinomiodelaesperanza"
mar -2021,";odiarte;rankingradiodisney;rankingrd;;;mundopatycantu;odiarte;rankingradiodisney;rankingrd;odiarte;rankingradiodisney;rankingrd;;solovuelta
;andresvotoportiotravez;;;jpjaramillo25"
ago -2020,;vacunasvip;vacunagateec;vacunadosgold
mar -2021,;vacunasvip;vacunagateec;vacunadosgold
oct -2019,;elecciones2021;debate2021;;;carolinaeh
jul -2020,"Â¿;cuÃ¡ndotevas;;;fiscal;
Â¿;cuÃ¡ndotevas;"
mar -2021,";lassomiente
;pactassobanquero"
ene -2021,;tbtwscomskol
mar -2021,;labancaoelpais
mar -2020,;muestraladenuncia
ene -2021,;tierradenadie2
feb -2021,;vacunagateec;lassoesmoreno;vacunadosgold
jun -2021,"media
;lassoevasor"
abr -2020,;hervas
feb -2021,;meditatuvoto
dic -2020,;latinking
feb -2021,;transplanteparatamia
dic -2020,;lassoesmoreno;lassonuncaserapresidente;lassoeselqueempujalasilla;;;fabriciovelav
ene -2021,;yakupresidente
abr -2020,;lassoesmoreno;elecuadordelencuentro
feb -2021,;arauzymorenosoncorrea
abr -2020,;esurgentecorte;abortoporviolacion;;;henrryjimenez;esurgentecorte;abortoporviolacion;;;henrryjimenez
dic -2020,"canel
;nohagaselriduculo;canelseratuenemigo;;canel
;canelpeorquemaduro"
mar -2021,;lassopresidente2021
mar -2021,"

;vacunadosgold;elecciones2021ecuador"
jul -2020,;leloestasperdido;;
mar -2021,;feliciataciones
ene -2021,;basta
oct -2020,";presenta;cuales;seran;sus;ministros;;;jpjaramillo25;manabi;carloscalderon;manabita;falsocrowdfinding

;cnegobec"
mar -2021,"vacunado
;eldebuenacunasevacuna;vacunadosgold;ellassoquelosune"
abr -2020,;pactassobanquero;lassoesmoreno;lassomiente
may -2020,;felizaniversariolasso
abr -2021,;arauzrabascall;arauzpresidente2021
may -2020,;ecuador
ene -2021,"
;yakupresidente2024"
mar -2021,;votoinformado
jul -2020,"lasso;;;lassoesmoreno

prueba"
jun -2020,"
;lelo;;;johntown;
;lelo;;;rafaellam95;ecuador"
mar -2021,;jipijapa;manabi
feb -2021,";vacunadosgold

ni"
mar -2020,"
;arauzescorrea;arauzesdivisiÃ³n;arauzesodio
;arauzesdiscriminaciÃ³n;;;m;b;lasso;lassopresidente2021;youknowwho;arauzesdiscriminaciÃ³n;arauzescorrea;arauzesdivisiÃ³n;arauzesodio;cuandoelodioestabademoda"
mar -2021,;cotopaxi;tungurahua;chimborazo;bolÃ­var;lassoodiaalosindÃ­genas;cotopaxi;tungurahua;chimborazo;bolÃ­var;lassoodiaalosindÃ­genas
ene -2021,;yakupresidente;;;yakuperezg;yakupresidente
nov -2019,";conamoryesperanza;lapazeselcaminodaniel2021
;conamoryesperanza
;unidosenvictorias;lapazeselcaminodaniel2021
;unidosenvictorias
;conamoryesperanza;lapazeselcaminodaniel2021
;conamoryesperanza
;unidosenvictorias"
mar -2020,;lassonuncaserapresidente
oct -2020,;borregodatecuenta;correamafioso;narcorrea;lassopresidente2021
ene -2021,;portadashonduras;noticiashonduras
oct -2020,;lassomiente
jul -2020,;canelpeorquemaduro;noinvitesacanel
ene -2021,;lassonuncaserapresidente;;;jelevision;odiarte;rankingradiodisney;rankingrd;odiarte;rankingradiodisney;rankingrd
dic -2020,;paroindefinido2021
abr -2020,;vacunadosgold;lassoesmoreno
abr -2020,;vacunadosgold;lassoesmoreno
mar -2021,";arauzesleninrealidad
;lassopresidente2021;elecuadordelreencuentro;;"
feb -2021,;vacunadosgold;lassoesmoreno;vacunadosgold
feb -2021,;lassopresidente2021
mar -2021,";morenolasso;lassoesmoreno
;andrÃ©sunamanoamiga;marita;munoz;ec;;;labancaoelpais;lasso"
may -2020,;vacunadosgold;lassoesmoreno
oct -2019,;vacunadosgold;vacunadosgold;lassoesmoreno
feb -2021,;ecuador;rafaelcorrea;correa;nicolasmaduro
jun -2020,";quitoğŸ˜¡ğŸ˜ 
;aquitonoagredesmÃ¡s
;quitoatento;pachakutik;paronacionalğŸ¤”
;ecuador
;abrelosojos"
abr -2021,;andresarauz;andrespresidente2021;contigocontodosahora;contigocontodosahora;andresarauzpresidente2021;andresarauz;andresarauz;andresarauzpresidente2021;contigocontodosahora;;labancaoelpais
abr -2021,;oms
dic -2020,;nohaydistancia;covid19;contagios
dic -2020,;abortoporviolacion;abortoporviolacion;abortoporviolacion;abortoporviolacion
oct -2020,;juntoalcomunidad
jul -2020,;correimo;pagalossanduches;correismonuncamas;correimo;pagalossanduches;correismonuncamas;correimo;pagalossanduches;correismonuncamas
ene -2021,;elelegido
may -2020,;elecciones2021ec
sept -2020,;ecuador;arauzpresidente
ene -2021,"arauz;
;eleccionesecuador2021;arauz"
oct -2019,;vacunadosgold;vacunadosvipcushqui;;;lasso;lassomorenonebot;lamismacosason;contigocontodosahora;vaecuadorconarauzyrabascall
nov -2020,"tiktok
;fraudeelectoral;;yaku"
abr -2020,;arauzesmaduroyovotoporlasso
feb -2021,";estamosconyaku
;mivotoserespeta"
mar -2020,";vacunandonospuebloquevence
jornada"
mar -2021,;andresarauz;periodistas;arauz;lasso;romina
abr -2021,;andressiguemintiendo;andressiguemintiendo
mar -2021,;arauzpresidente2021;;;mashirafael
jul -2021,;lassoesunfracasso
mar -2020,;cuenca
feb -2021,";lasso;estamosconyaku
;mivotoserespeta"
oct -2020,;lassoesmoreno
mar -2021,;durÃ¡nbarba;vacunadosvip;listagold;elpeorgobiernodelahistoria
abr -2021,;alianzadelpacÃ­fico;
ene -2020,";voluntadpolÃ­tica
;eurorabascall"
sept -2020,;peorgobiernodelahistoria
mar -2020,;andresnomientrasotravez;nomientrasmÃ¡sandrÃ©s;;;olbermisse;andresnomientrasotravez;nomientrasmÃ¡sandrÃ©s;;;ecuarauz;andresnomientrasotravez;nomientrasmÃ¡sandrÃ©s;andresnomientrasotravez;;;compromisorc;andresnomientrasotravez
ene -2021,;lenÃ­n2017;lasso2021
ene -2021,;fakenews;;;riccijandro
nov -2021,;loscorruptossiemprefueronellos;elcartelcorreista;loscorruptossiemprefueronellos;;;loscorruptossiemprefueronellos;elcartelcorreista;;loscorruptossiemprefueronellos;loscorruptossiemprefueronellos;elcartelcorreista;;elcartelcorreista;elcartelcorreista;elcartelcorreista;;;elcartelcorreista;elcartelcorreista;losricostambienlloran;losricostambienlloran
sept -2020,;andresnomientasotravez
dic -2020,";ecuador
;eleccionesecuador2021"
feb -2021,;yaku
sept -2020,"gobierno
;compensacionjubilados;;gobierno
;ecuadordelencuentro"
oct -2020,;venezuela
feb -2021,5;;;;elecciones2021ec;eleccionesecuador2021social;ecuadordecide2021lasso;estamosconyaku
oct -2021,;eltelegrafo;eltelegrafo;eltelegrafo;eltelegrafo
feb -2020,;elpautas;;;g;msthrzze
feb -2021,millonarios;lassomiente
may -2020,;lassopresidente2021
abr -2021,;matarife
ago -2020,;vacunadosgold
mar -2020,;leyantiocupas
ene -2021,"
;arauzescorrea;arauzesdivisiÃ³n;arauzesodio"
nov -2020,;andresnomientrasotravez;;despuÃ©s;todosconlasso
ene -2021,;lassoesmoreno
ene -2021,;vacunadosgold;lassoesmoreno;;todos
abr -2020,;yakupresidente
oct -2019,;lassonuncaserapresidente
ene -2021,;lassopresidente2021;;;ovejitaovejuna;lassopresidente2021;;;fernandoceronv;andresnomientasotravez;;;mashirafael
nov -2020,"
;no"
mar -2020,;eldebuenacunasevacuna;vacunadosgold;lassoesmoreno
abr -2021,;cambio
abr -2020,";peormipatria;vayaalloraratrÃ¡sdeunchilco;;;dianaatamaint;van4fraudes;yunda;pavÃ³n;dignidadrenuncieustedypupilos
sussuplentes
;haranmejortrabajo
;ustednotienecredibilidad;peorgobiernodelahistoria
;noalfraudefueracorruptos"
mar -2020,;lasso
ene -2021,";vicentrarrobadittoraro

;ecuador;guayaquil;quito;arauz;urgente;sanpedro"
mar -2021,;quepasaconlaute;quepasaconlaute;quepasaconlaute
nov -2020,;arauznomientasotravez;arauznomientasotravez